{
    "image": "mcr.microsoft.com/devcontainers/universal:2",
    "postCreateCommand": "cd /opt && wget 'https://github.com/wpilibsuite/vscode-wpilib/releases/download/v2024.3.1/vscode-wpilib-2024.3.1.vsix'",
    "features": {
      "ghcr.io/devcontainers/features/desktop-lite:1": {}
    },
    "customizations": {
      "vscode": {
        "extensions": ["/opt/vscode-wpilib-2024.3.1.vsix","vscjava.vscode-java-pack","vscjava.vscode-gradle"]
      }
    },
    "forwardPorts": [6080],
    "portsAttributes": {
      "6080": {
        "label": "desktop"
      }
    }
  }